	url
0	https://www.civilprotection.gr/el/ishyres-vrohes-kai-kataigides-provlepontai-simera-paraskeyi-kai-ayrio-savvato-poy-tha-synodeyontai
1	https://www.civilprotection.gr/el/simantika-themata/nikos-hardalias-apo-ti-thessaloniki-apo-deytera-xekinoyn-oi-katharismoi
2	https://www.civilprotection.gr/el/simantika-themata/epiheirisi-dryades-apo-tin-politiki-prostasia-gia-tin-antipyriki-thorakisi-tis
3	https://www.civilprotection.gr/el/simantika-themata/antipyriki-periodos-2021-synenteyxi-typoy-o-shediasmos-kai-oi-draseis-tis
4	https://www.civilprotection.gr/el/simantika-themata/den-paizoyme-me-ti-fotia-giati-i-fotia-den-paizei-mazi-mas-nea-enimerotiki
5	https://www.civilprotection.gr/el/simantika-themata/enimerosi-diapisteymenon-syntakton-apo-ton-ypoyrgo-ygeias-vasili-kikilia-kai-ton
6	https://www.civilprotection.gr/el/enimerosi-syntakton-apo-yfypoyrgo-politikis-prostasias-diaheirisis-kriseon-n-hardalia-kai-kathigites
7	https://www.civilprotection.gr/el/simantika-themata/anadimosieysi-deltioy-typoy-pyrosvestikoy-somatos-shetika-me-ti-dienergeia-askisis
8	https://www.civilprotection.gr/el/sti-thessaloniki-ayrio-o-nikos-hardalias-xekinoyn-oi-katharismoi-antipyrikis-thorakisis-sto-dasos
9	https://www.civilprotection.gr/el/simantika-themata/sto-tatoi-simera-o-nikos-hardalias-prohoroyn-me-entatiko-rythmo-ta-erga
10	https://www.civilprotection.gr/el/simantika-themata/oloklirothike-i-ektakti-syskepsi-gia-tin-attiki-se-efarmogi-ektetameno-programma
11	https://www.civilprotection.gr/el/simantika-themata/ishyres-vrohes-kai-kataigides-provlepontai-tis-epomenes-imeres-poy-tha
12	https://www.civilprotection.gr/el/stin-kerkyra-metavainei-o-nikos-hardalias-etoimo-neo-mega-emvoliastiko-kentro-tis-politikis
13	https://www.civilprotection.gr/el/sti-rodo-metavainei-o-nikos-hardalias
14	https://www.civilprotection.gr/el/simantika-themata/synantisi-nikoy-hardalia-me-dimarhoys-gia-tin-antipyriki-thorakisi-toy-ymittoy
15	https://www.civilprotection.gr/el/simantika-themata/oloklirothike-i-episkepsi-toy-nikoy-hardalia-sti-rodo-allazoyme-ta-panta-stin
16	https://www.civilprotection.gr/el/nea-ektakti-syskepsi-stin-politiki-prostasia-gia-tin-attiki
17	https://www.civilprotection.gr/el/simantika-themata/enimerosi-diapisteymenon-syntakton-apo-ton-yfypoyrgo-politikis-prostasias-5
18	https://www.civilprotection.gr/el/simantika-themata/sto-neo-emvoliastiko-kentro-tis-politikis-prostasias-stin-kerkyra-o-nikos
19	https://www.civilprotection.gr/el/simantika-themata/enimerosi-diapisteymenon-syntakton-apo-ton-yfypoyrgo-politikis-prostasias-4
20	https://www.civilprotection.gr/el/simantika-themata/etoimo-neo-mega-emvoliastiko-kentro-tis-politikis-prostasias-sti-rodo-nikos
21	https://www.civilprotection.gr/el/simantika-themata/se-pliri-egrigorsi-i-politiki-prostasia-kai-i-perifereia-attikis-etoimes-na
22	https://www.civilprotection.gr/el/simantika-themata/airontai-ta-eidika-perioristika-metra-stin-kalymno-apo-ti-deytera-24-maioy
23	https://www.civilprotection.gr/el/grapti-enimerosi-apo-ton-yfypoyrgo-politikis-prostasias-kai-diaheirisis-kriseon-n-hardalia
24	https://www.civilprotection.gr/el/simantika-themata/ektakti-enimerosi-nikoy-hardalia-gia-tin-exelixi-tis-pyrkagias-stin-periohi-shinoy
25	https://www.civilprotection.gr/el/simantika-themata/nea-energopoiisi-112-amesi-apomakrynsi-politon-apo-tin-eyryteri-periohi-oikismoy
26	https://www.civilprotection.gr/el/simantika-themata/episkepsi-kyvernitikoy-klimakioy-sto-tatoi-se-pliri-exelixi-ta-erga-antipyrikis
27	https://www.civilprotection.gr/el/simantika-themata/proskairi-metavoli-toy-kairoy-sti-voreia-ellada-me-vrohes-kai-ishyres-kataigides
28	https://www.civilprotection.gr/el/simantika-themata/nea-energopoiisi-112-apomakrynsi-politon-stin-eyryteri-periohi-metaxy-liakotoy
29	https://www.civilprotection.gr/el/sti-rodo-metavainei-ayrio-o-nikos-hardalias-aytopsia-sto-neo-emvoliastiko-kentro-tis-politikis
30	https://www.civilprotection.gr/el/simantika-themata/energopoiisi-112-ektakti-enimerosi-amesi-apomakrynsi-politon-apo-tin-eyryteri
31	https://www.civilprotection.gr/el/simantika-themata/nikos-hardalias-apo-kalymno-apo-deytera-nisi-stadiaka-epistrefei-stin-kanonikotita
32	https://www.civilprotection.gr/el/simantika-themata/oloklironetai-i-diadikasia-diavoyleysis-toy-eidikoy-programmatos-espa-2021-2027
33	https://www.civilprotection.gr/el/simantika-themata/paratasi-gia-akoma-mia-evdomada-ton-eidikon-perioristikon-metron-stin-kalymno
34	https://www.civilprotection.gr/el/stin-ippokrateio-politeia-ayrio-o-nikos-hardalias-gia-tin-poreia-ton-katharismon-pyroprostasias-stin
35	https://www.civilprotection.gr/el/simantika-themata/enimerosi-diapisteymenon-syntakton-apo-ton-yfypoyrgo-politikis-prostasias-3
36	https://www.civilprotection.gr/el/simantika-themata/stin-ippokrateio-politeia-o-nikos-hardalias-i-politiki-prostasia-dipla-stoys
37	https://www.civilprotection.gr/el/proskairi-epideinosi-toy-kairoy-me-thyellodeis-anemoys-shedon-se-oli-ti-hora-kai-ishyres
38	https://www.civilprotection.gr/el/simantika-themata/politiki-prostasia-kai-ypoyrgeio-perivallontos-mazi-sti-thorakisi-tis-horas-apo
39	https://www.civilprotection.gr/el/simantika-themata/stin-kalymno-ayrio-o-nikos-hardalias-mazi-me-epistimoniko-klimakio-toy-ypoyrgeioy
40	https://www.civilprotection.gr/el/simantika-themata/anakoinosi-shetika-me-dimosieymata-gia-paraviaseis-ygeionomikoy-protokolloy-se
41	https://www.civilprotection.gr/el/simantika-themata/etoimi-pros-apostoli-i-voitheia-tis-horas-mas-stin-india
42	https://www.civilprotection.gr/el/simantika-themata/paratasi-katholikoy-lockdown-stin-kalymno
43	https://www.civilprotection.gr/el/simantika-themata/sti-rosia-metavainei-o-nikos-hardalias
44	https://www.civilprotection.gr/el/simantika-themata/katholiko-lockdown-stin-kalymno
45	https://www.civilprotection.gr/el/simantika-themata/se-ektakti-anagki-18-periohes-tis-attikis-programma-ektetamenon-katharismon-sto
46	https://www.civilprotection.gr/el/simantika-themata/enimerosi-diapisteymenon-syntakton-apo-ton-yfypoyrgo-politikis-prostasias-2
47	https://www.civilprotection.gr/el/simantika-themata/epanekkinisi-drastiriotiton
48	https://www.civilprotection.gr/el/simantika-themata/sti-mosha-o-nikos-hardalias-sto-epikentro-i-enishysi-tis-synergasias-elladas
49	https://www.civilprotection.gr/el/simantika-themata/dilosi-nikoy-hardalia-shetika-me-ti-diexagogi-toy-protathlimatos-podosfairoy-tis
50	https://www.civilprotection.gr/el/simantika-themata/synantiseis-me-presveis-aystrias-italias-kai-tsehias-pragmatopoiise-o-nikos
51	https://www.civilprotection.gr/el/simantika-themata/se-pliri-etoimotita-i-politiki-prostasia-kai-pyrosvestiko-soma-enopsei-antipyrikis
52	https://www.civilprotection.gr/el/simantika-themata/eyreia-syskepsi-stin-politiki-prostasia-me-kede-kai-perifereiakes-enoseis-dimon
53	https://www.civilprotection.gr/el/enimerotiki-syskepsi-me-perifereies-kai-kede-pragmatopoiise-o-nikos-hardalias-i-epidimiologiki
54	https://www.civilprotection.gr/el/simantika-themata/enimerosi-syntakton-apo-yfypoyrgo-politikis-prostasias-diaheirisis-kriseon-n-3
55	https://www.civilprotection.gr/el/simantika-themata/symfonia-tis-genikis-grammateias-politikis-prostasias-gia-tin-amesi-promitheia-18
56	https://www.civilprotection.gr/el/simantika-themata/apantisi-sti-simerini-anakoinosi-tis-axiomatikis-antipoliteysis-gia-ta-self-tests
57	https://www.civilprotection.gr/el/proskairi-epideinosi-toy-kairoy-me-ishyres-vrohoptoseis-kata-topoys-stin-kentriki-kai-ti-voreia-hora
58	https://www.civilprotection.gr/el/simantika-themata/enimerosi-diapisteymenon-syntakton-apo-ton-yfypoyrgo-politikis-prostasias-1
59	https://www.civilprotection.gr/el/simantika-themata/enimerosi-syntakton-apo-yfypoyrgo-politikis-prostasias-diaheirisis-kriseon-n-2
60	https://www.civilprotection.gr/el/simantika-themata/oloklirothike-i-ektakti-syskepsi-gia-tin-epidimiologiki-katastasi-sti-kozani
61	https://www.civilprotection.gr/el/simantika-themata/apantiseis-epi-simerinon-dimosieymaton-gia-ta-self-tests
62	https://www.civilprotection.gr/el/simantika-themata/anastoli-epanaleitoyrgias-toy-lianemporioy-stis-pe-thessalonikis-kozanis-kai
63	https://www.civilprotection.gr/el/simantika-themata/enimerosi-diapisteymenon-syntakton-apo-ton-yfypoyrgo-politikis-prostasias-0
64	https://www.civilprotection.gr/el/diapseysi-dimosieymatos-kai-enimerosi-eisaggelikon-arhon-apo-tin-ggpp
65	https://www.civilprotection.gr/el/eyreia-ektakti-syskepsi-gia-tin-epidimiologiki-katastasi-sti-kozani
66	https://www.civilprotection.gr/el/efarmogi-prostheton-perioristikon-metron-ston-oikismo-roma-nomismatokopeioy-toy-dimoy-halandrioy
67	https://www.civilprotection.gr/el/simantika-themata/oloklirothike-i-episkepsi-toy-nikoy-hardalia-stin-patra-etoimo-neo-mega
68	https://www.civilprotection.gr/el/stin-patra-metavainei-o-nikos-hardalias
69	https://www.civilprotection.gr/el/simantika-themata/enimerosi-diapisteymenon-syntakton-apo-ton-yfypoyrgo-politikis-prostasias
70	https://www.civilprotection.gr/el/simantika-themata/enimerosi-diapisteymenon-syntakton-apo-yfypoyrgo-politikis-prostasias-kai-1
71	https://www.civilprotection.gr/el/proskairi-epideinosi-toy-kairoy-tin-tetarti-31-03-2021-se-anatoliki-kai-notia-hora-me-topika-ishyres
72	https://www.civilprotection.gr/el/simantika-themata/etoima-ta-dyo-nea-mega-emvoliastika-kentra-tis-politikis-prostasias-se-peristeri
73	https://www.civilprotection.gr/el/simantika-themata/oloklirothike-i-episkepsi-n-hardalia-kai-m-themistokleoys-sta-dyo-nea-mega
74	https://www.civilprotection.gr/el/simantika-themata/oloklirothike-i-episkepsi-toy-nikoy-hardalia-stin-patra
75	https://www.civilprotection.gr/el/synantisi-nikoy-hardalia-me-ton-presvi-tis-dimokratias-tis-koreas
76	https://www.civilprotection.gr/el/simantika-themata/enimerotiko-simeioma-oloklirothike-i-katathesi-prosforon-gia-ta-10-ek-self-tests
77	https://www.civilprotection.gr/el/stin-patra-metavainei-apogeyma-o-nikos-hardalias
78	https://www.civilprotection.gr/el/simantika-themata/enimerosi-diapisteymenon-syntakton-apo-ton-yfypoyrgo-politikis-prostasias-kai
79	https://www.civilprotection.gr/el/simantika-themata/episkepsi-proedroy-tis-dimokratias-sto-neo-emvoliastiko-kentro-tis-politikis
80	https://www.civilprotection.gr/el/efarmogi-prostheton-perioristikon-metron-ston-oikismo-dafnoyla-eyrytanias
81	https://www.civilprotection.gr/el/efarmogi-prostheton-perioristikon-metron-stin-topiki-koinotita-metohioy-toy-dimoy-kymis-aliverioy
82	https://www.civilprotection.gr/el/simantika-themata/se-etoimotita-o-mihanismos-gia-tin-antipyriki-periodo-2021-oloklirothike-i
83	https://www.civilprotection.gr/el/simantika-themata/efarmogi-prostheton-perioristikon-metron-sti-lero
84	https://www.civilprotection.gr/el/anastoli-leitoyrgias-etaireias-syskeyasion-sti-voiotia
85	https://www.civilprotection.gr/el/eyreia-syskepsi-stin-politiki-prostasia-gia-tin-proetoimasia-toy-mihanismoy-enopsei-antipyrikis
86	https://www.civilprotection.gr/el/paratasi-prostheton-perioristikon-metron-sti-lero
87	https://www.civilprotection.gr/el/epideinosi-toy-kairoy-apo-savvato-me-ishyres-vrohes-kai-kataigides-kai-kata-topoys-pyknes
88	https://www.civilprotection.gr/el/simantika-themata/enimerosi-syntakton-apo-yfypoyrgo-politikis-prostasias-diaheirisis-kriseon-n-1
89	https://www.civilprotection.gr/el/simantika-themata/enimerosi-diapisteymenon-syntakton-apo-yfypoyrgo-politikis-prostasias-kai-0
90	https://www.civilprotection.gr/el/simantika-themata/nea-ishyri-seismiki-donisi-stin-elassona-stin-periohi-metavainei-o-genikos
91	https://www.civilprotection.gr/el/eyreia-syskepsi-toy-nikoy-hardalia-me-toys-perifereiarhes-tis-horas-gia-tin-poreia-tis-pandimias
92	https://www.civilprotection.gr/el/simantika-themata/enimerosi-diapisteymenon-syntakton-apo-yfypoyrgo-politikis-prostasias-kai
93	https://www.civilprotection.gr/el/simantika-themata/se-katastasi-ektaktis-anagkis-politikis-prostasias-o-dimos-tyrnavoy-o-dimos
94	https://www.civilprotection.gr/el/simantika-themata/synantisi-toy-nikoy-hardalia-me-ton-antiproedro-tis-eyropaikis-epitropis-margariti
95	https://www.civilprotection.gr/el/simantika-themata/kiryxi-se-katastasi-ektaktis-anagkis-politikis-prostasias-tis-de-malesinas
96	https://www.civilprotection.gr/el/simantika-themata/ishyri-seismiki-donisi-stin-elassona-oles-oi-energeies-tis-politikis-prostasias
97	https://www.civilprotection.gr/el/simantika-themata/anakoinoseis-apo-ton-ypoyrgo-ygeias-v-kikilia-kai-ton-yfypoyrgo-politikis
98	https://www.civilprotection.gr/el/simantika-themata/enimerosi-syntakton-yfypoyrgo-politikis-prostasias-kai-diaheirisis-kriseon-n
99	https://www.civilprotection.gr/el/simantika-themata/ishyri-seismiki-donisi-stin-elassona-se-pliri-kinitopoiisi-oles-oi-dynameis
100	https://www.civilprotection.gr/el/nea-tehniki-syskepsi-ston-olympo-gia-tin-poreia-apokatastasis-tis-ilektrodotisis
101	https://www.civilprotection.gr/el/kiryxi-toy-dimoy-oropoy-tis-perifereiakis-enotitas-anatolikis-attikis-se-katastasi-ektaktis-anagkis
102	https://www.civilprotection.gr/el/simantika-themata/h-enishysi-ton-sheseon-elladas-rosias-ston-tomea-tis-politikis-prostasias-sto
103	https://www.civilprotection.gr/el/kiryxi-toy-dimoy-dionysoy-tis-perifereiakis-enotitas-anatolikis-attikis-se-katastasi-ektaktis
104	https://www.civilprotection.gr/el/nea-tehniki-syskepsi-stin-politiki-prostasia-ayrio-diloseis-apo-niko-hardalia-kai-dnta-symvoylo
105	https://www.civilprotection.gr/el/enimerosi-syntakton-apo-yfypoyrgo-politikis-prostasias-diaheirisis-kriseon-n-hardalia-kathigites-v-1
106	https://www.civilprotection.gr/el/simantika-themata/sto-epipedo-poly-ayximenoy-kindynoy-i-pe-arkadias-kai-sto-epipedo-ayximenoy
107	https://www.civilprotection.gr/el/kakokairia-nea-syskepsi-stin-politiki-prostasia-gia-apotimisi-tis-katastasis-kai-syntonismo-ton
108	https://www.civilprotection.gr/el/simantika-themata/oloklirothike-i-tehniki-syskepsi-ston-olympo-ta-neotera-gia-tin-poreia
109	https://www.civilprotection.gr/el/simantika-themata/oloklirothike-i-tehniki-syskepsi-stin-politiki-prostasia
110	https://www.civilprotection.gr/el/enimerosi-syntakton-apo-yfypoyrgo-politikis-prostasias-diaheirisis-kriseon-n-hardalia-kathigites-v-0
111	https://www.civilprotection.gr/el/simantika-themata/nea-ishyri-systasi-se-ergazomenoys-kai-katoikoys-se-oli-tin-attiki
112	https://www.civilprotection.gr/el/simantika-themata/oloklirothike-i-ektakti-syskepsi-stin-politiki-prostasia-enopsei-kakokairias-me-ti
113	https://www.civilprotection.gr/el/kakokairia-nea-eyreia-syskepsi-stin-politiki-prostasia
114	https://www.civilprotection.gr/el/simantika-themata/oi-hionoptoseis-o-ishyros-pagetos-kai-oi-thyellodeis-anemoi-tha-epireasoyn-ti-hora
115	https://www.civilprotection.gr/el/simantika-themata/ishyri-systasi-se-ergazomenoys-kai-katoikoys-ston-voreio-tomea-athinon-kai-tin
116	https://www.civilprotection.gr/el/simantika-themata/oloklirothike-i-ektakti-syskepsi-stin-politiki-prostasia-th-kolydas-sfodrotero-se
117	https://www.civilprotection.gr/el/kakokairia-nea-ektakti-syskepsi-stin-politiki-prostasia
118	https://www.civilprotection.gr/el/simantika-themata/oloklirothike-i-nea-eyreia-syskepsi-stin-politiki-prostasia-gia-tin-kakokairia-se
119	https://www.civilprotection.gr/el/nea-ektakti-syskepsi-stin-politiki-prostasia-enopsei-kakokairias-me-ti-symmetohi-olon-ton-dimon-tis
120	https://www.civilprotection.gr/el/simantika-themata/exeidikeysi-ton-neon-metron-gia-tin-attiki
121	https://www.civilprotection.gr/el/simantika-themata/me-ton-presvi-toy-kanada-synantithike-o-nikos-hardalias-i-dimeris-synergasia-gia
122	https://www.civilprotection.gr/el/eyreia-syskepsi-stin-politiki-prostasia-gia-syntonismo-olon-ton-foreon-enopsei-eperhomenis
123	https://www.civilprotection.gr/el/simantika-themata/kakokairia-apo-savvato-me-hionoptoseis-megali-ptosi-tis-thermokrasias-ishyro
124	https://www.civilprotection.gr/el/simantika-themata/sto-epipedo-v-ayximenoy-kindynoy-toy-harti-ygeionomikis-asfaleias-kai-prostasias
125	https://www.civilprotection.gr/el/simantika-themata/oloklirothike-i-syskepsi-stin-politiki-prostasia-gia-syntonismo-ton-foreon-enopsei
126	https://www.civilprotection.gr/el/metavoli-toy-kairoy-apo-deytera-0802-me-ishyres-vrohes-kai-kataigides-kai-thyellodeis-notioys
127	https://www.civilprotection.gr/el/simantika-themata/anakoinoseis-shetika-me-tin-exeidikeysi-ton-neon-metron-gia-tin-attiki
128	https://www.civilprotection.gr/el/simantika-themata/enimerosi-tis-epitropis-thesmon-kai-diafaneias-tis-voylis-apo-ton-niko-hardalia
129	https://www.civilprotection.gr/el/simantika-themata/enimerosi-syntakton-apo-yfypoyrgo-politikis-prostasias-diaheirisis-kriseon-n-0
130	https://www.civilprotection.gr/el/simantika-themata/stin-politiki-prostasia-o-proin-epitropos-tis-ee-hristos-stylianidis-synantisi-me
131	https://www.civilprotection.gr/el/simantika-themata/prosohi-ishyri-systasi-politikis-prostasias-gia-apofygi-askopon-metakiniseon-se-0
132	https://www.civilprotection.gr/el/epideinosi-toy-kairoy-me-ishyres-vrohes-kai-kataigides-poy-tha-synodeyontai-kata-topoys-apo
133	https://www.civilprotection.gr/el/simantika-themata/i-politiki-prostasia-enishyetai-se-mesa-kai-exoplismo-ependyei-stin-prolipsi-kai
134	https://www.civilprotection.gr/el/simantika-themata/ekklisi-genikoy-grammatea-politikis-prostasias-gia-apofygi-askopon-metakiniseon-se
135	https://www.civilprotection.gr/el/nea-epideinosi-toy-kairoy-me-ishyres-vrohes-kai-kataigides-thyellodeis-anemoys-hionoptoseis-kai
136	https://www.civilprotection.gr/el/simantika-themata/ektaktos-sti-thessaloniki-o-nikos-hardalias-me-ton-proedro-toy-eody
137	https://www.civilprotection.gr/el/simantika-themata/hartis-metron-ygeionomikis-asfaleias-kai-prostasias-apo-ti-loimoxi-covid-19
138	https://www.civilprotection.gr/el/simantika-themata/enimerosi-syntakton-apo-yfypoyrgo-politikis-prostasias-diaheirisis-kriseon-n
139	https://www.civilprotection.gr/el/enimerosi-syntakton-apo-yfypoyrgo-politikis-prostasias-diaheirisis-kriseon-n-hardalia-kathigites-v
140	https://www.civilprotection.gr/el/simantika-themata/enimerosi-syntakton-apo-ton-yfypoyrgo-politikis-prostasias-diaheirisis-kriseon-n-6
141	https://www.civilprotection.gr/el/simantika-themata/oloklirothike-i-syskepsi-stin-politiki-prostasia-gia-syntonismo-olon-ton-foreon
142	https://www.civilprotection.gr/el/simantika-themata/eyreia-syskepsi-stin-politiki-prostasia-gia-syntonismo-olon-ton-foreon-enopsei-tis
143	https://www.civilprotection.gr/el/paratasi-prostheton-perioristikon-metron-stin-topiki-koinotita-kellis-toy-dimoy-amyntaioy-tis-pe
144	https://www.civilprotection.gr/el/simantika-themata/112-anavathmizetai-me-tin-ypiresia-ecall-diasyndesi-me-ti-vasi-dedomenon-adeion
145	https://www.civilprotection.gr/el/simantika-themata/neotera-stoiheia-gia-tin-kakokairia-me-tis-kata-topoys-pyknes-hionoptoseis-tis
146	https://www.civilprotection.gr/el/simantika-themata/syskepsi-stin-politiki-prostasia-enopsei-tis-neas-epideinosis-kairoy-idiaiteri
147	https://www.civilprotection.gr/el/epideinosi-toy-kairoy-tis-epomenes-imeres-me-ishyres-vrohes-kai-kataigides-thyellodeis-anemoys-kai
148	https://www.civilprotection.gr/el/paratasi-prostheton-perioristikon-metron-stin-koinotita-sperheiadas-toy-dimoy-makrakomis-tis-pe
149	https://www.civilprotection.gr/el/simantika-themata/epideinosi-toy-kairoy-apo-simera-pempti-14-01-2021-me-kata-topoys-pyknes
150	https://www.civilprotection.gr/el/simantika-themata/prostheta-perioristika-metra-stin-pe-argolidas-kai-sto-dimo-spartis-tis-pe
151	https://www.civilprotection.gr/el/simantika-themata/prostheta-perioristika-metra-sti-voiotia
152	https://www.civilprotection.gr/el/prostheta-perioristika-metra-stin-koinotita-sperheiadas-toy-dimoy-makrakomis-tis-pe-fthiotidas
153	https://www.civilprotection.gr/el/simantika-themata/enimerosi-gia-perioristika-metra-se-periohes-dytikis-attikis-kozanis-siteias-kai
154	https://www.civilprotection.gr/el/enimerosi-gia-paratasi-prostheton-perioristikon-metron-se-dytiki-attiki-kozani-rodopi-kai-kalymno
155	https://www.civilprotection.gr/el/prostheta-perioristika-metra-stin-topiki-koinotita-anthilis-dimoy-lamieon-fthiotidas-paratasi-ishyos
156	https://www.civilprotection.gr/el/enimerosi-syntakton-apo-ton-yfypoyrgo-politikis-prostasias-diaheirisis-kriseon-n-hardalia-tin-1
157	https://www.civilprotection.gr/el/simantika-themata/prostheta-perioristika-metra-sti-lesvo
158	https://www.civilprotection.gr/el/prostheta-perioristika-metra-ston-dimo-aliartoy-thespieon-tis-pe-voiotias
159	https://www.civilprotection.gr/el/epideinosi-toy-kairoy-apo-simera-deytera-11-01-2021-me-ishyres-vrohes-kai-kataigides-poy-tha
160	https://www.civilprotection.gr/el/simantika-themata/25-hronia-politiki-prostasia-epeteiaki-ekdilosi-sto-ktirio-faros
161	https://www.civilprotection.gr/el/simantika-themata/enimerosi-syntakton-apo-ton-yfypoyrgo-politikis-prostasias-diaheirisis-kriseon-n-5
162	https://www.civilprotection.gr/el/prostheta-perioristika-metra-sti-topiki-koinotita-strofis-toy-dimoy-arriannon-tis-pe-rodopis
163	https://www.civilprotection.gr/el/simantika-themata/prostheta-perioristika-metra-stin-topiki-koinotita-kellis-toy-dimoy-amyntaioy
164	https://www.civilprotection.gr/el/simantika-themata/amesi-i-syndromi-tis-elladas-stin-kroatia-gia-tin-antimetopisi-ton-synepeion-toy
165	https://www.civilprotection.gr/el/kiryxi-tis-koinotitas-karitsis-dolopon-toy-dimoy-limnis-plastira-se-katastasi-ektaktis-anagkis
166	https://www.civilprotection.gr/el/paratasi-prostheton-perioristikon-metron-stin-topiki-koinotita-thespieon-voiotias-anastoli
167	https://www.civilprotection.gr/el/epideinosi-toy-kairoy-me-ishyres-vrohes-kai-kataigides-apo-tis-vradines-ores-simera-savvato-26-12
168	https://www.civilprotection.gr/el/epideinosi-toy-kairoy-me-ishyres-vrohes-kai-kataigides-thyellodeis-anemoys-kai-hionoptoseis-sta
169	https://www.civilprotection.gr/el/simantika-themata/prostheta-perioristika-metra-stin-pe-kalymnoy
170	https://www.civilprotection.gr/el/simantika-themata/prostheta-perioristika-metra-stin-topiki-koinotita-thespieon-toy-dimoy-aliartoy
171	https://www.civilprotection.gr/el/simantika-themata/paratasi-prostheton-perioristikon-metron-stoys-dimoys-aspropyrgoy-eleysinas-kai
172	https://www.civilprotection.gr/el/simantika-themata/epeigoysa-enimerosi-nea-metra-gia-afixeis-apo-inomeno-vasileio
173	https://www.civilprotection.gr/el/simantika-themata/epeteiaki-seira-grammatosimon-gia-ta-25-hronia-tis-politikis-prostasias-afieromeni
174	https://www.civilprotection.gr/el/enimerosi-syntakton-apo-ton-yfypoyrgo-politikis-prostasias-diaheirisis-kriseon-n-hardalia-kai-ton
175	https://www.civilprotection.gr/el/prosklisi-ekdilosis-endiaferontos-gia-ti-stelehosi-tis-epitelikis-domis-espa-tis-politikis
176	https://www.civilprotection.gr/el/shedio-voreas-gia-oloys-toys-dimoys-tis-horas-neo-protypo-ypodeigma-shedioy-antimetopisis-synepeion
177	https://www.civilprotection.gr/el/simantika-themata/neo-spot-apo-tin-politiki-prostasia-gia-ta-25-hronia-tis
178	https://www.civilprotection.gr/el/simantika-themata/enimerosi-syntakton-apo-ton-yfypoyrgo-politikis-prostasias-diaheirisis-kriseon-n-4
179	https://www.civilprotection.gr/el/simantika-themata/epikairopoiisi-enimerosis-shetika-me-afixeis-apo-inomeno-vasileio
180	https://www.civilprotection.gr/el/simantika-themata/sto-epikentro-i-epidimiologiki-katastasi-sti-dytiki-attiki-ektakti-tilediaskepsi
181	https://www.civilprotection.gr/el/nea-epideinosi-toy-kairoy-provlepetai-apo-simera-paraskeyi-11-12-2020-me-ishyres-vrohes-kai
182	https://www.civilprotection.gr/el/simantika-themata/sti-thessaloniki-ayrio-o-nikos-hardalias-syskepseis-me-oloys-toys-foreis-tis
183	https://www.civilprotection.gr/el/simantika-themata/anadimosieysi-deltioy-typoy-pyrosvestikoy-somatos-shetika-me-hristoygenniatiki
184	https://www.civilprotection.gr/el/simantika-themata/prosohi-synagermos-stin-ggpp-ishyri-systasi-politikis-prostasias-gia-apofygi
185	https://www.civilprotection.gr/el/kyrosi-oristikon-pinakon-proslipteon-aporripteon-toy-diagonismoy-gia-tin-proslipsi-ekaton-eneninta
186	https://www.civilprotection.gr/el/simantika-themata/nikos-hardalias-ektaktes-anakoinoseis-gia-ti-dytiki-attiki-enimerosi-gia-tin
187	https://www.civilprotection.gr/el/simantika-themata/prosohi-ishyri-systasi-politikis-prostasias-gia-apofygi-askopon-metakiniseon-se
188	https://www.civilprotection.gr/el/simantika-themata/neos-ethnikos-dioikitis-politikis-prostasias-o-antistratigos-ea-toy-pyrosvestikoy
189	https://www.civilprotection.gr/el/simantika-themata/enimerosi-syntakton-apo-ton-yfypoyrgo-politikis-prostasias-diaheirisis-kriseon-n-3
190	https://www.civilprotection.gr/el/simantika-themata/diloseis-ypoyrgoy-ygeias-vasili-kikilia-kai-yfypoyrgoy-politikis-prostasias
191	https://www.civilprotection.gr/el/epideinosi-toy-kairoy-06-0712-me-ishyres-vrohes-kai-kataigides-poy-tha-synodeyontai-kata-topoys-apo
192	https://www.civilprotection.gr/el/simantika-themata/ektakta-perioristika-metra-sto-horio-raptopoylo-agrafon-logo-ayximenoy
193	https://www.civilprotection.gr/el/kyrosi-prosorinon-pinakon-katataxis-gia-tin-proslipsi-ekaton-eneninta-dyo-192-atomon-me-shesi
194	https://www.civilprotection.gr/el/simantika-themata/enimerosi-syntakton-apo-ton-yfypoyrgo-politikis-prostasias-diaheirisis-kriseon-n-2
195	https://www.civilprotection.gr/el/simantika-themata/nikos-hardalias-sti-voyli-pros-tin-antipoliteysi-gia-ton-algorithmo-eya-epilegete
196	https://www.civilprotection.gr/el/simantika-themata/prosohi-ishyri-systasi-politikis-prostasias-gia-apofygi-askopon-metakiniseon
197	https://www.civilprotection.gr/el/simantika-themata/sto-epikentro-i-epidimiologiki-katastasi-se-xanthi-drama-pella-florina-pieria-kai
198	https://www.civilprotection.gr/el/syskepsi-toy-yfypoyrgoy-politikis-prostasias-kai-diaheirisis-kriseon-nikoy-hardalia-kai-toy-ypoyrgoy
199	https://www.civilprotection.gr/el/nea-metavoli-toy-kairoy-apo-simera-triti-08-12-2020-me-ishyres-vrohes-kai-kataigides-poy-tin-tetarti
200	https://www.civilprotection.gr/el/enimerosi-syntakton-apo-ton-yfypoyrgo-politikis-prostasias-diaheirisis-kriseon-n-hardalia-tin-0
201	https://www.civilprotection.gr/el/metavoli-toy-kairoy-apo-tis-proines-ores-tis-kyriakis-me-vrohes-kai-kataigides-poy-tha-synodeyontai
202	https://www.civilprotection.gr/el/anartisi-programmatos-psyhometrikon-eleghon-kai-synenteyxeon-gia-192-atoma-idoh-gia-tin-tetarti
203	https://www.civilprotection.gr/el/simantika-themata/enimerosi-syntakton-apo-ton-yfypoyrgo-politikis-prostasias-diaheirisis-kriseon-n-0
204	https://www.civilprotection.gr/el/enimerosi-syntakton-apo-ton-yfypoyrgo-politikis-prostasias-diaheirisis-kriseon-n-hardalia-tin
205	https://www.civilprotection.gr/el/synantisi-stelehon-pagkosmioy-organismoy-ygeias-kai-genikis-grammateias-politikis-prostasias
206	https://www.civilprotection.gr/el/simantika-themata/etoimo-shedio-voreas-gia-tin-antimetopisi-ektakton-anagkon-kai-ti-diaheirisi
207	https://www.civilprotection.gr/el/simantika-themata/enimerosi-syntakton-apo-ton-yfypoyrgo-politikis-prostasias-diaheirisis-kriseon-n-1
208	https://www.civilprotection.gr/el/ishyres-vrohes-kai-kyrios-sta-thalassia-parathalassia-kataigides-poy-tha-synodeyontai-kata-topoys
209	https://www.civilprotection.gr/el/epideinosi-toy-kairoy-sti-notia-nisiotiki-hora-me-ishyres-vrohes-kai-kataigides-poy-tha-synodeyontai
210	https://www.civilprotection.gr/el/enimerosi-syntakton-apo-ton-yfypoyrgo-politikis-prostasias-diaheirisis-kriseon-niko-hardalia-kai-tin
211	https://www.civilprotection.gr/el/simantika-themata/episkepsi-nikoy-hardalia-ston-aylona-oloklironetai-i-proti-eyropaiki-apothiki
212	https://www.civilprotection.gr/el/anartisi-programmatos-psyhometrikon-eleghon-kai-synenteyxeon-gia-192-atoma-idoh-gia-tis-imerominies
213	https://www.civilprotection.gr/el/simantika-themata/ektakti-enimerosi-apo-ton-yfypoyrgo-politikis-prostasias-kai-diaheirisis-kriseon-0
214	https://www.civilprotection.gr/el/syndromi-tis-elladas-pros-ti-gallia-me-ygeionomiko-yliko-meso-toy-eyropaikoy-mihanismoy-resceu
215	https://www.civilprotection.gr/el/simantika-themata/dieykrinisi-shetika-me-ti-leitoyrgia-ton-take-away-kai-delivery
216	https://www.civilprotection.gr/el/anartisi-programmatos-psyhometrikon-eleghon-kai-synenteyxeon-gia-192-atoma-idoh-gia-tis-0
217	https://www.civilprotection.gr/el/programma-psyhometrikoy-eleghoy-kai-synenteyxis-gia-192-atoma-idoh-0
218	https://www.civilprotection.gr/el/simantika-themata/kiryxi-tis-perifereiakis-enotitas-rethymnoy-se-katastasi-ektaktis-anagkis
219	https://www.civilprotection.gr/el/simantika-themata/pragmatopoiisi-provon-kai-kinimatografikon-gyrismaton
220	https://www.civilprotection.gr/el/epideinosi-toy-kairoy-stin-kriti-kai-ta-dodekanisa-apo-arga-apogeyma-simera-deytera-09-11-2020-me
221	https://www.civilprotection.gr/el/programma-psyhometrikoy-eleghoy-kai-synenteyxis-gia-192-atoma-idoh
222	https://www.civilprotection.gr/el/simantika-themata/enimerosi-syntakton-apo-ton-yfypoyrgo-politikis-prostasias-diaheirisis-kriseon-1
223	https://www.civilprotection.gr/el/enimerosi-syntakton-apo-ton-yfypoyrgo-politikis-prostasias-diaheirisis-kriseon-niko-hardalia-ton
224	https://www.civilprotection.gr/el/simantika-themata/exeidikeysi-neon-metron-gia-tin-antimetopisi-tis-pandimias-apo-ton-yfypoyrgo
225	https://www.civilprotection.gr/el/kiryxi-tis-dimotikis-enotitas-kastellioy-kai-tis-dimotikis-enotitas-thrapsanoy-toy-dimoy-minoa
226	https://www.civilprotection.gr/el/simantika-themata/g-politikis-prostasias-bas-papageorgioy-gia-epideinosi-toy-kairoy-stin-kriti-me
227	https://www.civilprotection.gr/el/dieykrinisi-gia-metavasi-se-dikastikes-arhes-dikigoroys-symvolaiografoys
228	https://www.civilprotection.gr/el/simantika-themata/ta-nea-metra-epidimiologikoy-synagermoy-gia-oli-ti-hora
229	https://www.civilprotection.gr/el/simantika-themata/enimerosi-syntakton-apo-ton-yfypoyrgo-politikis-prostasias-diaheirisis-kriseon-0
230	https://www.civilprotection.gr/el/simantika-themata/seismiki-donisi-sti-samo-espeysmeni-metavasi-sti-samo-toy-yfypoyrgoy-politikis
231	https://www.civilprotection.gr/el/simantika-themata/nea-exatomikeymena-metra-epidimiologikoy-synagermoy-gia-tin-antimetopisi-tis
232	https://www.civilprotection.gr/el/simantika-themata/neos-hartis-ygeionomikis-asfaleias-prostasias-apo-covid-19
233	https://www.civilprotection.gr/el/simantika-themata/dilosi-yfypoyrgoy-politikis-prostasias-kai-diaheirisis-kriseon-n-hardalia-gia-tis
234	https://www.civilprotection.gr/el/simantika-themata/seismiki-donisi-sti-samo-diloseis-yfypoyrgoy-politikis-prostasias-diaheirisis
235	https://www.civilprotection.gr/el/simantika-themata/enimerosi-kai-exeidikeysi-metron-apo-ton-yfypoyrgo-politikis-prostasias
236	https://www.civilprotection.gr/el/simantika-themata/epikairopoiimenos-hartis-ygeionomikis-asfaleias-kai-prostasias
237	https://www.civilprotection.gr/el/simantika-themata/ta-nea-exatomikeymena-metra-epidimiologikoy-synagermoy-kai-o-neos-hartis
238	https://www.civilprotection.gr/el/simantika-themata/kiryxi-ton-dimon-anatolikis-kai-dytikis-samoy-se-katastasi-ektaktis-anagkis
239	https://www.civilprotection.gr/el/anakoinosi-apotelesmaton-prokiryxis-gia-tin-proslipsi-stin-ggpp-192-atomon-me-shesi-idoh
240	https://www.civilprotection.gr/el/simantika-themata/stis-serres-espeysmena-o-yfypoyrgos-politikis-prostasias-nikos-hardalias-kai-o
241	https://www.civilprotection.gr/el/simantika-themata/n-hardalias-apo-serres-oi-neoi-einai-symmahoi-mas
242	https://www.civilprotection.gr/el/simantika-themata/enimerosi-syntakton-apo-ton-yfypoyrgo-politikis-prostasias-diaheirisis-kriseon
243	https://www.civilprotection.gr/el/simantika-themata/oloklirothike-i-episkepsi-toy-yfypoyrgoy-politikis-prostasias-diaheirisis-kriseon
244	https://www.civilprotection.gr/el/simantika-themata/dilosi-yfypoyrgoy-politikis-prostasias-kai-diaheirisis-kriseon-nikoy-hardalia
245	https://www.civilprotection.gr/el/simantika-themata/ektakti-dilosi-genikoy-grammatea-politikis-prostasias-b-papageorgioy-gia
246	https://www.civilprotection.gr/el/simantika-themata/hartis-ygeionomikis-asfaleias-kai-prostasias-0
247	https://www.civilprotection.gr/el/kakokairia-tha-epikratisei-tin-tetarti-28-10-2020-me-vrohes-kai-kataigides-kata-topoys-ishyres-poy
248	https://www.civilprotection.gr/el/simantika-themata/tin-kastoria-episkefthike-o-yfypoyrgos-politikis-prostasias-nikos-hardalias
249	https://www.civilprotection.gr/el/simantika-themata/enimerosi-syntakton-apo-ton-yfypoyrgo-politikis-prostasias-kai-diaheirisis-6
250	https://www.civilprotection.gr/el/simantika-themata/prosohi-i-kozani-sto-epipedo-synagermoy-4-ayximenoy-kindynoy
251	https://www.civilprotection.gr/el/simantika-themata/enimerosi-syntakton-apo-ton-yfypoyrgo-politikis-prostasias-kai-diaheirisis-5
252	https://www.civilprotection.gr/el/simantika-themata/hartis-ygeionomikis-asfaleias-kai-prostasias
253	https://www.civilprotection.gr/el/se-karantina-kentro-frontidas-ilikiomenon-sta-ioannina
254	https://www.civilprotection.gr/el/simantika-themata/enimerosi-syntakton-apo-ton-yfypoyrgo-politikis-prostasias-kai-diaheirisis-4
255	https://www.civilprotection.gr/el/proskairi-epideinosi-toy-kairoy-stin-anatoliki-kai-ti-notia-ellada-me-vrohes-kai-kataigides-kata
256	https://www.civilprotection.gr/el/se-kozani-kai-giannena-o-yfypoyrgos-politikis-prostasias-nikos-hardalias
257	https://www.civilprotection.gr/el/proskairi-epideinosi-toy-kairoy-me-kyria-haraktiristika-vrohes-kai-kataigides-kata-topoys-ishyres
258	https://www.civilprotection.gr/el/simantika-themata/oloklirothike-i-episkepsi-se-kozani-kai-giannena-apo-ton-yfypoyrgo-politikis
259	https://www.civilprotection.gr/el/i-kakokairia-poy-ekdilonetai-sti-notia-nisiotiki-hora-me-ishyres-vrohes-kai-kataigides-kai-kata
260	https://www.civilprotection.gr/el/simantika-themata/o-neos-hartis-tis-ellinikis-kyvernisis-gia-tin-ygeionomiki-asfaleia-kai-prostasia
261	https://www.civilprotection.gr/el/simantika-themata/se-kathestos-eidikon-perioristikon-metron-i-pe-ahaias-kai-o-dimos-ioanniton
262	https://www.civilprotection.gr/el/enarktiria-omilia-yfypoyrgoy-politikis-prostasias-kai-diaheirisis-kriseon-n-hardalia-sto-3rd-athens
263	https://www.civilprotection.gr/el/simantika-themata/syskepsi-laygenaki-nhardalia-super-league-1-gia-tin-emperistatomeni-protasi
264	https://www.civilprotection.gr/el/simantika-themata/enimerosi-syntakton-apo-ton-yfypoyrgo-politikis-prostasias-kai-diaheirisis-2
265	https://www.civilprotection.gr/el/simantika-themata/ektakti-anakoinosi-genikoy-grammatea-politikis-prostasias-b-papageorgioy-gia
266	https://www.civilprotection.gr/el/enimerosi-syntakton-apo-ton-yfypoyrgo-politikis-prostasias-kai-diaheirisis-kriseon-niko-hardalia-ton
267	https://www.civilprotection.gr/el/simantika-themata/se-kathestos-eidikon-perioristikon-metron-oi-perifereiakes-enotites-ioanninon-kai
268	https://www.civilprotection.gr/el/simantika-themata/enimerosi-syntakton-apo-ton-yfypoyrgo-politikis-prostasias-kai-diaheirisis-3
269	https://www.civilprotection.gr/el/ektakto-deltio-epikindynon-kairikon-fainomenon-me-kyria-haraktiristika-tis-ishyres-vrohes-kai
270	https://www.civilprotection.gr/el/simantika-themata/ishyri-systasi-gia-metra-aytoprostasias-apo-covid19-se-oikismoys-dimoy-thivaion
271	https://www.civilprotection.gr/el/enimerosi-syntakton-apo-ton-yfypoyrgo-politikis-prostasias-kai-diaheirisis-kriseon-niko-hardalia-1
272	https://www.civilprotection.gr/el/simantika-themata/sti-thessaloniki-o-nikos-hardalias-gia-tin-teleti-egkainion-ton-neon-ktiriakon
273	https://www.civilprotection.gr/el/simantika-themata/tropopoiisi-systasis-gia-metra-aytoprostasias-apo-covid19-se-oikismoys-dimoy
274	https://www.civilprotection.gr/el/enimerosi-syntakton-apo-ton-yfypoyrgo-politikis-prostasias-kai-diaheirisis-kriseon-n-hardalia-kai
275	https://www.civilprotection.gr/el/simantika-themata/se-kathestos-eidikon-perioristikon-metron-i-kythnos
276	https://www.civilprotection.gr/el/anastoli-leitoyrgias-etaireias-konservopoiias-sto-mayrovoyni-skydras
277	https://www.civilprotection.gr/el/simantika-themata/i-politiki-prostasia-enishyetai-proslipsi-ekaton-eneninta-dyo-192-stelehon-gia
278	https://www.civilprotection.gr/el/simantika-themata/stin-pella-metavainei-espeysmena-o-genikos-grammateas-politikis-prostasias-v
279	https://www.civilprotection.gr/el/simantika-themata/nea-desmi-energeion-stin-athina-gia-tin-pandimia-apo-ton-dimo-athinaion-ypoyrgeio
280	https://www.civilprotection.gr/el/simantika-themata/se-kathestos-eidikon-perioristikon-metron-i-pe-trikalon
281	https://www.civilprotection.gr/el/ishyres-vrohes-kai-kataigides-sto-ionio-kai-tin-ipeiro-poy-tha-synodeyontai-proskaira-apo-ishyroys
282	https://www.civilprotection.gr/el/epikairopoiimeno-ektakto-deltio-epideinosis-kairoy-me-kyria-haraktiristika-tis-ishyres-vrohes-kai-0
283	https://www.civilprotection.gr/el/metavoli-toy-kairoy-25-26092020-me-kyria-haraktiristika-ishyres-vrohes-kataigides-kai-thyellodeis
284	https://www.civilprotection.gr/el/simantika-themata/h-ellada-thorakizetai-apenanti-ston-koronoio-kai-meso-tis-symmetohis-tis-ston
285	https://www.civilprotection.gr/el/epikairopoiimeno-ektakto-deltio-epideinosis-kairoy-me-kyria-haraktiristika-tis-ishyres-vrohes-kai
286	https://www.civilprotection.gr/el/sti-lakonia-o-genikos-grammateas-politikis-prostasias-epikefalis-klimakioy-gia-ton-koronoio
287	https://www.civilprotection.gr/el/simantika-themata/enimerosi-syntakton-apo-ton-yfypoyrgo-politikis-prostasias-kai-diaheirisis-1
288	https://www.civilprotection.gr/el/simantika-themata/apantisi-toy-yfypoyrgoy-politikis-prostasias-kai-diaheirisis-kriseon-nikoy
289	https://www.civilprotection.gr/el/enimerosi-diapisteymenon-syntakton-ypoyrgeioy-ygeias-apo-ton-yfypoyrgo-politikis-prostasias-kai-0
290	https://www.civilprotection.gr/el/simantika-themata/ta-nea-metra-gia-tin-attiki
291	https://www.civilprotection.gr/el/se-katastasi-eidikis-kinitopoiisis-politikis-prostasias-eyrytania-fthiotida-eyvoia-kai-voiotia
292	https://www.civilprotection.gr/el/kiryxi-ton-dimon-lamieon-domokoy-kai-argitheas-se-katastasi-ektaktis-anagkis-politikis-prostasias
293	https://www.civilprotection.gr/el/kiryxi-tis-dimotikis-enotitas-apollonion-leykadas-kai-toy-dimoy-sofadon-karditsas-se-katastasi
294	https://www.civilprotection.gr/el/simantika-themata/amesi-energopoiisi-tis-eyropaikis-doryforikis-ypiresias-copernicus-gia-ti
295	https://www.civilprotection.gr/el/epikairopoiimeno-ektakto-deltio-epikindynon-kairikon-fainomenon-me-kyria-haraktiristika-tis-ishyres
296	https://www.civilprotection.gr/el/kiryxi-toy-dimoy-makrakomis-fthiotidas-se-katastasi-ektaktis-anagkis-politikis-prostasias
297	https://www.civilprotection.gr/el/simantika-themata/enimerosi-syntakton-apo-ton-yfypoyrgo-politikis-prostasias-kai-diaheirisis-0
298	https://www.civilprotection.gr/el/simantika-themata/se-kefalonia-ithaki-kai-zakyntho-o-nikos-hardalias
299	https://www.civilprotection.gr/el/simantika-themata/dilosi-nikoy-hardalia-gia-tin-epiheirisiaki-etoimotita-toy-mihanismoy-politikis
300	https://www.civilprotection.gr/el/poly-ypsilos-kindynos-pyrkagias-katigoria-kindynoy-4-gia-ayrio-triti-15-septemvrioy-2020
301	https://www.civilprotection.gr/el/simantika-themata/kakokairia-ianos-3-vasikes-odigies-prostasias
302	https://www.civilprotection.gr/el/simantika-themata/ta-6-metra-gia-tin-attiki
303	https://www.civilprotection.gr/el/simantika-themata/proetoimazomaste-na-antimetopisoyme-ena-spanio-akraio-kairiko-fainomeno-enan
304	https://www.civilprotection.gr/el/enimerosi-syntakton-apo-ton-yfypoyrgo-politikis-prostasias-kai-diaheirisis-kriseon-niko-hardalia-0
305	https://www.civilprotection.gr/el/simantika-themata/ektakti-syskepsi-stin-politiki-prostasia-enopsei-epikindynon-kairikon-fainomenon
306	https://www.civilprotection.gr/el/simantika-themata/kakokairia-ianos-eyreia-ektakti-syskepsi-stin-politiki-prostasia-gia-syntonismo
307	https://www.civilprotection.gr/el/simantika-themata/se-katastasi-eidikis-kinitopoiisis-politikis-prostasias-aitoloakarnania-ileia
308	https://www.civilprotection.gr/el/simantika-themata/se-kathestos-epidimiologika-epivarymenis-periohis-kai-epitirisis-i-pe-trikalon
309	https://www.civilprotection.gr/el/simantika-themata/kakokairia-stin-kentriki-kai-notia-ellada-me-kyria-haraktiristika-tis-ishyres
310	https://www.civilprotection.gr/el/simantika-themata/energopoiisi-toy-eyropaikoy-mihanismoy-politikis-prostasias-apo-tin-ggpp-i-ee
311	https://www.civilprotection.gr/el/simantika-themata/kiryxi-periohon-tis-anatolikis-attikis-se-katastasi-ektaktis-anagkis-politikis
312	https://www.civilprotection.gr/el/simantika-themata/i-politiki-prostasia-stelehonei-ti-nea-tehniki-tis-ypiresia-me-mihanikoys
313	https://www.civilprotection.gr/el/poly-ypsilos-kindynos-pyrkagias-katigoria-kindynoy-4-gia-ayrio-deytera-14-septemvrioy-2020
314	https://www.civilprotection.gr/el/poly-ypsilos-kindynos-pyrkagias-katigoria-kindynoy-4-gia-ayrio-paraskeyi-11-septemvrioy-2020
315	https://www.civilprotection.gr/el/simantika-themata/oi-maskes-poy-hamogeloyn-opos-aytoi-poy-agapas-nea-enimerotiki-kampania-tis
316	https://www.civilprotection.gr/el/simantika-themata/dimosieysi-kya-kathorismoy-tis-diadikasias-metataxeon-ypallilon-sti-geniki
317	https://www.civilprotection.gr/el/anastoli-leitoyrgias-etaireias-konservopoiias-sta-giannitsa
318	https://www.civilprotection.gr/el/simantika-themata/pella-pieria-imathia-kai-kilkis-se-kathestos-eidikon-perioristikon-metron-logo
319	https://www.civilprotection.gr/el/enimerosi-syntakton-apo-ton-yfypoyrgo-politikis-prostasias-kai-diaheirisis-kriseon-n-hardalia-tin
320	https://www.civilprotection.gr/el/simantika-themata/kiryxi-tis-lesvoy-se-katastasi-ektaktis-anagkis-politikis-prostasias
321	https://www.civilprotection.gr/el/poly-ypsilos-kindynos-pyrkagias-katigoria-kindynoy-4-gia-ayrio-savvato-05-septemvrioy-2020
322	https://www.civilprotection.gr/el/simantika-themata/nea-enimerotiki-kampania-tis-genikis-grammateias-politikis-prostasias-gia-112-enas
323	https://www.civilprotection.gr/el/se-karantina-kentro-frontidas-ilikiomenon-sto-maroysi-attikis
324	https://www.civilprotection.gr/el/poly-ypsilos-kindynos-pyrkagias-katigoria-kindynoy-4-gia-ayrio-paraskeyi-04-septemvrioy
325	https://www.civilprotection.gr/el/simantika-themata/enimerosi-syntakton-apo-ton-yfypoyrgo-politikis-prostasias-kai-diaheirisis-kriseon
326	https://www.civilprotection.gr/el/poly-ypsilos-kindynos-pyrkagias-katigoria-kindynoy-4-gia-ayrio-tetarti-09-septemvrioy-2020
327	https://www.civilprotection.gr/el/simantika-themata/enimerosi-syntakton-apo-ton-yfypoyrgo-politikis-prostasias-diaheirisis-kriseon-n
328	https://www.civilprotection.gr/el/simantika-themata/dilosi-n-hardalia-prosohi-ayrio-i-pio-epikindyni-gia-pyrkagies-imera-toy
329	https://www.civilprotection.gr/el/poly-ypsilos-kindynos-pyrkagias-katigoria-kindynoy-4-gia-ayrio-pempti-10-septemvrioy-2020
330	https://www.civilprotection.gr/el/neo-protypo-ypodeigma-shedioy-antimetopisis-plimmyrikon-fainomenon-gia-dimoys-exedose-i-geniki
331	https://www.civilprotection.gr/el/poly-ypsilos-kindynos-pyrkagias-katigoria-kindynoy-4-gia-ayrio-deytera-31-aygoystoy-2020-stin-attiki
332	https://www.civilprotection.gr/el/eleghos-gia-koronoio-se-oloys-toys-ypohreoys-se-strateysi-gia-mina-septemvrio-kai-odigies-prostasias
333	https://www.civilprotection.gr/el/synenteyxi-toy-yfypoyrgoy-politikis-prostasias-diaheirisis-kriseon-n-hardalia-stin-efda-parapolitika
334	https://www.civilprotection.gr/el/enimerosi-diapisteymenon-syntakton-ypoyrgeioy-ygeias-apo-ton-yfypoyrgo-politikis-prostasias-kai
335	https://www.civilprotection.gr/el/epeigoysa-anakoinosi-enimerosi-gia-tin-ayriani-moysoylmaniki-siitiki-eorti-tis-asoyra
336	https://www.civilprotection.gr/el/simantika-themata/tilediaskepsi-toy-yfypoyrgoy-politikis-prostasias-kai-diaheirisis-kriseon-nikoy
337	https://www.civilprotection.gr/el/simantika-themata/episkepsi-toy-yfypoyrgoy-politikis-prostasias-kai-diaheirisis-kriseon-nikoy
338	https://www.civilprotection.gr/el/se-karantina-domi-filoxenias-asynodeyton-anilikon-sto-vyrona-kai-perioristika-metra-se-monada
339	https://www.civilprotection.gr/el/simantika-themata/irakleio-kritis-se-kathestos-eidikon-perioristikon-metron
340	https://www.civilprotection.gr/el/proskairi-metavoli-toy-kairoy-simera-25-08-2020-sti-voreia-ellada
341	https://www.civilprotection.gr/el/simantika-themata/zakynthos-kai-lesvos-se-kathestos-eidikon-perioristikon-metron-imathia-se
342	https://www.civilprotection.gr/el/arsi-ton-eidikon-metron-ston-poro-paramenei-se-kathestos-epitirisis-epidimiologika-epivarymenis
343	https://www.civilprotection.gr/el/se-kathestos-eidikon-perioristikon-metron-i-pe-hanion
344	https://www.civilprotection.gr/el/stis-epidimiologika-epivarymenes-periohes-prostithetai-i-pe-lesvoy
345	https://www.civilprotection.gr/el/simantika-themata/stadiaki-anodos-tis-thermokrasias-tis-epomenes-imeres
346	https://www.civilprotection.gr/el/arsi-ton-eidikon-metron-ston-ampelona-larisas-paramenei-se-kathestos-epitirisis-epidimiologika
347	https://www.civilprotection.gr/el/simantika-themata/enimerosi-syntakton-apo-ton-yfyp-p-prostasias-kai-diah-kriseon-n-hardalia-ton
348	https://www.civilprotection.gr/el/simantika-themata/enimerosi-diapisteymenon-syntakton-ypoyrgeioy-ygeias-apo-ton-yfypoyrgo-politikis
349	https://www.civilprotection.gr/el/poly-ypsilos-kindynos-pyrkagias-katigoria-kindynoy-4-gia-ayrio-paraskeyi-28-aygoystoy-2020-stin
350	https://www.civilprotection.gr/el/simantika-themata/pyrkagia-stin-anatoliki-mani-amesi-energopoiisi-tis-eyropaikis-ypiresias
351	https://www.civilprotection.gr/el/simantika-themata/epikindynoi-kapnoi-logo-pyrkagias-stin-metamorfosi-attikis-odigies-prostasias
352	https://www.civilprotection.gr/el/simantika-themata/ektakti-enimerosi-apo-ton-yfypoyrgo-politikis-prostasias-kai-diaheirisis-kriseon
353	https://www.civilprotection.gr/el/simantika-themata/halkidiki-kai-mykonos-se-kathestos-eidikon-perioristikon-metron-logo-covid-19
354	https://www.civilprotection.gr/el/metavoli-toy-kairoy-me-vrohes-kataigides-halazoptoseis-kai-ishyroys-anemoys-apo-apogeyma-toy
355	https://www.civilprotection.gr/el/simantika-themata/stis-epidimiologika-epivarymenes-periohes-prostithentai-oi-pe-karditsas-pellas-kai
356	https://www.civilprotection.gr/el/poly-ypsilos-kindynos-pyrkagias-katigoria-kindynoy-4-gia-ayrio-triti-18-aygoystoy-2020
357	https://www.civilprotection.gr/el/poly-ypsilos-kindynos-pyrkagias-katigoria-kindynoy-4-gia-ayrio-paraskeyi-21-aygoystoy-2020
358	https://www.civilprotection.gr/el/ektakta-perioristika-metra-sti-paro-kai-stin-antiparo-logo-covid-19
359	https://www.civilprotection.gr/el/enimerosi-syntakton-apo-ton-yfypoyrgo-politikis-prostasias-kai-diaheirisis-kriseon-niko-hardalia-kai
360	https://www.civilprotection.gr/el/enimerosi-diapisteymenon-dimosiografon-apo-ton-yfypoyrgo-politikis-prostasias-kai-diaheirisis-0
361	https://www.civilprotection.gr/el/ektakta-perioristika-metra-ston-ampelona-larisas-logo-covid-19
362	https://www.civilprotection.gr/el/simantika-themata/syndromi-tis-elladas-ston-livano-me-omada-ereynas-kai-diasosis-apo-tin-emak
363	https://www.civilprotection.gr/el/anavathmisi-toy-112-me-apolyti-akriveia-pleon-o-geoentopismos-oson-kaloyn-apo-kinita-android-se-oli
364	https://www.civilprotection.gr/el/simantika-themata/ypohreotiko-test-pcr-gia-covid-19-gia-toys-episkeptes-apo-ti-malta-anastoli
365	https://www.civilprotection.gr/el/simantika-themata/kiryxi-ton-dimon-halkideon-kai-dirfyon-messapion-eyvoias-kai-dimoy-lagkada
366	https://www.civilprotection.gr/el/simantika-themata/dilosi-toy-yfypoyrgoy-politikis-prostasias-kai-diaheirisis-kriseon-nikoy-hardalia
367	https://www.civilprotection.gr/el/simantika-themata/ektakta-perioristika-metra-ston-poro-logo-covid-19
368	https://www.civilprotection.gr/el/i-metavoli-toy-kairoy-me-ishyres-kataigides-ishyroys-anemoys-kai-halazoptoseis-tha-synehistei-eos
369	https://www.civilprotection.gr/el/poly-ypsilos-kindynos-pyrkagias-katigoria-kindynoy-4-gia-ayrio-pempti-06-aygoystoy-2020
370	https://www.civilprotection.gr/el/simantika-themata/ektakti-enimerosi-toy-yfypoyrgoy-politikis-prostasias-kai-diaheirisis-kriseon
371	https://www.civilprotection.gr/el/poly-ypsilos-kindynos-pyrkagias-katigoria-kindynoy-4-gia-ayrio-triti-4-aygoystoy-2020
372	https://www.civilprotection.gr/el/meiname-spiti-kai-kerdisame-sas-eyharistoyme-oloys-i-nea-syllektiki-ekdosi-grammatosimon-apo-ta-elta
373	https://www.civilprotection.gr/el/metavoli-toy-kairoy-apo-proi-tis-tetartis-05-08-2020-me-ishyres-kataigides-ishyroys-anemoys-kai
374	https://www.civilprotection.gr/el/epeigoysa-anakoinosi-enimerosi-toy-yfypoyrgoy-politikis-prostasias-kai-diaheirisis-kriseon-gia-tin
375	https://www.civilprotection.gr/el/simantika-themata/episkepsi-toy-prothypoyrgoy-kyriakoy-mitsotaki-sti-nea-domi-tis-politikis
376	https://www.civilprotection.gr/el/enimerosi-diapisteymenon-syntakton-ygeias-apo-ton-yfypoyrgo-politikis-prostasias-kai-diaheirisis-18
377	https://www.civilprotection.gr/el/metavoli-toy-kairoy-apo-apogeyma-toy-savvatoy-01-08-20-me-ishyres-kataigides-ishyroys-anemoys-kai
378	https://www.civilprotection.gr/el/poly-ypsilos-kindynos-pyrkagias-katigoria-kindynoy-4-gia-ayrio-savvato-1-aygoystoy-2020
379	https://www.civilprotection.gr/el/poly-ypsilos-kindynos-pyrkagias-katigoria-kindynoy-4-gia-ayrio-tetarti-5-aygoystoy-2020
380	https://www.civilprotection.gr/el/kiryxi-periohon-toy-dimoy-korinthion-se-katastasi-ektaktis-anagkis-politikis-prostasias
381	https://www.civilprotection.gr/el/simantika-themata/energopoiisi-tis-ypiresias-copernicusemergency-management-service-mapping-tis-ee-1
382	https://www.civilprotection.gr/el/poly-ypsilos-kindynos-pyrkagias-katigoria-kindynoy-4-gia-ayrio-savvato-25-ioylioy-2020
383	https://www.civilprotection.gr/el/poly-ypsilos-kindynos-pyrkagias-katigoria-kindynoy-4-gia-ayrio-pempti-30-ioylioy-2020
384	https://www.civilprotection.gr/el/apantisi-toy-yfypoyrgeioy-politikis-prostasias-kai-diaheirisis-kriseon-stin-anakoinosi-toy-tomearhi
385	https://www.civilprotection.gr/el/sto-grammatiko-ileias-o-genikos-grammateas-politikis-prostasias-enimerosi-gia-dasikes-pyrkagies
386	https://www.civilprotection.gr/el/poly-ypsilos-kindynos-pyrkagias-katigoria-kindynoy-4-gia-ayrio-paraskeyi-24-ioylioy-2020
387	https://www.civilprotection.gr/el/enimerosi-diapisteymenon-dimosiografon-apo-ton-yfypoyrgo-politikis-prostasias-kai-diaheirisis
388	https://www.civilprotection.gr/el/poly-ypsilos-kindynos-pyrkagias-katigoria-kindynoy-4-gia-ayrio-tetarti-29-ioylioy-2020
389	https://www.civilprotection.gr/el/simantika-themata/ypohreotiko-arnitiko-apotelesma-moriakoy-eleghoy-pcr-gia-koronoio-gia-epivates
390	https://www.civilprotection.gr/el/me-asfaleia-i-anagkastiki-prosgeiosi-aeroskafoys-sto-aerodromio-makedonia
391	https://www.civilprotection.gr/el/simantika-themata/enimerosi-diapisteymenon-dimosiografon-apo-ton-yfypoyrgo-politikis-prostasias-kai
392	https://www.civilprotection.gr/el/poly-ypsilos-kindynos-pyrkagias-katigoria-kindynoy-4-gia-ayrio-paraskeyi-10-ioylioy-2020
393	https://www.civilprotection.gr/el/poly-ypsilos-kindynos-pyrkagias-katigoria-kindynoy-4-gia-ayrio-deytera-13-ioylioy-2020
394	https://www.civilprotection.gr/el/poly-ypsilos-kindynos-pyrkagias-katigoria-kindynoy-4-gia-ayrio-triti-14-ioylioy-2020
395	https://www.civilprotection.gr/el/poly-ypsilos-kindynos-pyrkagias-katigoria-kindynoy-4-gia-ayrio-pempti-23-ioylioy-2020
396	https://www.civilprotection.gr/el/poly-ypsilos-kindynos-pyrkagias-katigoria-kindynoy-4-gia-ayrio-tetarti-22-ioylioy-2020
397	https://www.civilprotection.gr/el/poly-ypsilos-kindynos-pyrkagias-katigoria-kindynoy-4-gia-ayrio-triti-21-ioylioy-2020-0
398	https://www.civilprotection.gr/el/poly-ypsilos-kindynos-pyrkagias-katigoria-kindynoy-4-gia-ayrio-triti-21-ioylioy-2020
399	https://www.civilprotection.gr/el/poly-ypsilos-kindynos-pyrkagias-katigoria-kindynoy-4-gia-ayrio-pempti-16-ioylioy-2020
400	https://www.civilprotection.gr/el/simantika-themata/nea-kampania-tis-genikis-grammateias-politikis-prostasias-se-oles-tis-pyles
401	https://www.civilprotection.gr/el/simantika-themata/episkepsi-toy-nikoy-hardalia-kai-sta-18-aerodromia-tis-horas-poy-anoigoyn-apo-1i
402	https://www.civilprotection.gr/el/sta-aerodromia-tis-karpathoy-rodoy-ko-samoy-hioy-kai-lesvoy-o-nikos-hardalias-oloklirothike-i-3i
403	https://www.civilprotection.gr/el/simantika-themata/i-hora-apokta-akoma-ena-geniko-shedio-ektakton-anagkon
404	https://www.civilprotection.gr/el/metavoli-toy-kairoy-provlepetai-apo-vrady-toy-savvatoy-me-vrohes-kai-kataigides-kata-topoys-ishyres
405	https://www.civilprotection.gr/el/oloklirothike-i-episkepsi-sta-18-perifereiaka-aerodromia-tis-horas-sta-aerodromia-tis-limnoy-tis
406	https://www.civilprotection.gr/el/se-pliri-etoimotita-ta-aerodromia-ton-kythiron-hanion-kai-irakleioy-oloklirosi-tis-2i-imeras
407	https://www.civilprotection.gr/el/arsi-tis-karantinas-ston-ehino-synehizontai-ta-aystira-metra-ygieinis-kai-periorismoy-metakiniseon
408	https://www.civilprotection.gr/el/aystiropoiisi-ton-orizontion-perioristikon-metron-stin-pe-xanthis
409	https://www.civilprotection.gr/el/etoima-na-ypodehthoyn-episkeptes-ta-aerodromia-tis-zakynthoy-tis-kefalonias-tis-kerkyras-ton
410	https://www.civilprotection.gr/el/paratasi-ton-metron-tis-karantinas-ston-ehino-gia-alles-5-imeres
411	https://www.civilprotection.gr/el/simantika-themata/se-apolyti-apomonosi-gia-7-imeres-o-ehinos
412	https://www.civilprotection.gr/el/metavoli-toy-kairoy-me-vrohes-kai-kataigides-kata-topoys-ishyres-poy-tha-synodeyontai-apo
413	https://www.civilprotection.gr/el/stin-xanthi-o-nikos-hardalias-me-ton-sotiri-tsiodra
414	https://www.civilprotection.gr/el/simantika-themata/sti-thessaloniki-epomeno-48oro-o-nikos-hardalias-seira-syskepseon-gia-anoigma-toy
415	https://www.civilprotection.gr/el/simantika-themata/i-ellada-enishyei-veltionei-domika-systima-politikis-prostasias-eggyomeni-tin
416	https://www.civilprotection.gr/el/simantika-themata/lipsi-ektakton-metron-stin-periohi-tis-xanthis-logo-ayximenoy-epidimiologikoy
417	https://www.civilprotection.gr/el/simantika-themata/sti-granitsa-eyrytanias-stis-prespes-florinis-sti-thessaloniki-kai-sti-halkidiki-o
418	https://www.civilprotection.gr/el/o-nikos-hardalias-sto-symvoylio-tis-eyropis-antimetopisi-toy-koronoioy-sto-plaisio-mias-dimokratikis
419	https://www.civilprotection.gr/el/simantika-themata/lipsi-ektakton-metron-stin-periohi-toy-iasmoy-logo-ayximenoy-epidimiologikoy
420	https://www.civilprotection.gr/el/enimerosi-diapisteymenon-syntakton-ygeias-apo-ton-yfypoyrgo-politikis-prostasias-kai-diaheirisis-17
421	https://www.civilprotection.gr/el/ishyres-vrohes-kai-kataigides-anamenontai-simera-deytera-01-06-2020-kai-ayrio-triti-02-06-2020
422	https://www.civilprotection.gr/el/simantika-themata/ekdosi-imerisioy-harti-provlepsis-kindynoy-pyrkagias-gia-tin-antipyriki-periodo
423	https://www.civilprotection.gr/el/12-kroysmata-koronoioy-stin-ptisi-apo-ntoha-se-karantina-kai-oi-91-epivates-tis-ptisis-prosorini
424	https://www.civilprotection.gr/el/enimerosi-diapisteymenon-syntakton-ygeias-apo-ton-yfypoyrgo-politikis-prostasias-kai-diaheirisis-15
425	https://www.civilprotection.gr/el/simantika-themata/covid19-epiheirisi-mazikoy-moriakoy-eleghoy-gia-tin-antimetopisi-toy
426	https://www.civilprotection.gr/el/enimerosi-diapisteymenon-syntakton-ygeias-apo-ton-yfypoyrgo-politikis-prostasias-kai-diaheirisis-16
427	https://www.civilprotection.gr/el/kiryxi-toy-dimoy-leroy-se-katastasi-ektaktis-anagkis-politikis-prostasias
428	https://www.civilprotection.gr/el/proskairi-metavoli-toy-kairoy-me-vrohes-kai-sporadikes-kataigides
429	https://www.civilprotection.gr/el/energopoiisi-mnimonioy-synergasias-tis-genikis-grammateias-politikis-prostasias-me-tin-eagme-sti-0
430	https://www.civilprotection.gr/el/se-exelixi-epiheirisiako-shedio-imera-0-imera-7-imera-14-stin-synoikia-roma-tis-neas-smyrnis-larisas
431	https://www.civilprotection.gr/el/simantika-themata/episkepsi-toy-prothypoyrgoy-kyriakoy-mitsotaki-ston-ymitto-enimerosi-gia-tin
432	https://www.civilprotection.gr/el/simantika-themata/35-kroysmata-se-synolo-637-deigmaton-sti-nea-smyrni-larisas-se-katastasi
433	https://www.civilprotection.gr/el/enimerosi-diapisteymenon-syntakton-ygeias-apo-ton-yfypoyrgo-politikis-prostasias-kai-diaheirisis-14
434	https://www.civilprotection.gr/el/metavoli-toy-kairoy-apo-tin-pempti-21-05-2020-me-vrohes-kai-kataigides-kata-topoys-ishyres-kai
435	https://www.civilprotection.gr/el/anoigoyn-oi-organomenes-paralies-oloklirothikan-oi-eleghoi-sti-larisa-synehizetai-i-ihnilatisi-sti
436	https://www.civilprotection.gr/el/enimerosi-apo-ton-yfypoyrgo-politikis-prostasias-kai-diaheirisis-kriseon-n-hardalia-ton-ypopterarho
437	https://www.civilprotection.gr/el/enimerosi-diapisteymenon-syntakton-ygeias-apo-ton-yfypoyrgo-politikis-prostasias-kai-diaheirisis-12
438	https://www.civilprotection.gr/el/enimerosi-diapisteymenon-syntakton-ygeias-apo-ton-yfypoyrgo-politikis-prostasias-kai-diaheirisis-11
439	https://www.civilprotection.gr/el/enimerosi-diapisteymenon-syntakton-ygeias-apo-ton-yfypoyrgo-politikis-prostasias-kai-diaheirisis-13
440	https://www.civilprotection.gr/el/enimerosi-apo-ton-yfypoyrgo-politikis-prostasias-kai-diaheirisis-kriseon-niko-hardalia-kai-ton-28
441	https://www.civilprotection.gr/el/i-politiki-prostasia-enonei-den-theloyme-na-dihazei
442	https://www.civilprotection.gr/el/simantika-themata/koini-syskepsi-toy-ypoyrgeioy-esoterikon-toy-yfypoyrgeioy-politikis-prostasias
443	https://www.civilprotection.gr/el/enimerosi-diapisteymenon-syntakton-ygeias-apo-ton-yfypoyrgo-politikis-prostasias-kai-diaheirisis-10
444	https://www.civilprotection.gr/el/enimerosi-diapisteymenon-syntakton-ygeias-apo-ton-yfypoyrgo-politikis-prostasias-kai-diaheirisis-7
445	https://www.civilprotection.gr/el/enimerosi-diapisteymenon-syntakton-ygeias-apo-ton-yfypoyrgo-politikis-prostasias-kai-diaheirisis-9
446	https://www.civilprotection.gr/el/enimerosi-diapisteymenon-syntakton-ygeias-apo-ton-yfypoyrgo-politikis-prostasias-kai-diaheirisis-6
447	https://www.civilprotection.gr/el/enimerosi-diapisteymenon-syntakton-ygeias-apo-ton-yfypoyrgo-politikis-prostasias-kai-diaheirisis-8
448	https://www.civilprotection.gr/el/simantika-themata/eyreia-syskepsi-gia-tin-antipyriki-periodo-ypo-ton-yetha-nikolao-panagiotopoylo
449	https://www.civilprotection.gr/el/simantika-themata/kai-neo-enimerotiko-spot-tis-gg-politikis-prostasias-gia-ton-syghrotismo-stis
450	https://www.civilprotection.gr/el/enimerosi-apo-ton-yfypoyrgo-politikis-prostasias-kai-diaheirisis-kriseon-niko-hardalia-ton-ekprosopo
451	https://www.civilprotection.gr/el/enimerosi-apo-ton-yfypoyrgo-politikis-prostasias-kai-diaheirisis-kriseon-niko-hardalia-kai-ton-23
452	https://www.civilprotection.gr/el/enimerosi-apo-ton-yfypoyrgo-politikis-prostasias-kai-diaheirisis-kriseon-ton-ekprosopo-toy
453	https://www.civilprotection.gr/el/enimerosi-apo-ton-yfypoyrgo-politikis-prostasias-kai-diaheirisis-kriseon-niko-hardalia-kai-ton-26
454	https://www.civilprotection.gr/el/simantika-themata/paremvasi-yfypoyrgoy-politikis-prostasias-diaheirisis-kriseon-nikoy-hardalia-stin
455	https://www.civilprotection.gr/el/proskairi-metavoli-toy-kairoy-me-ishyres-vrohes-kai-kataigides-oi-opoies-tha-synodeyontai-topika-apo
456	https://www.civilprotection.gr/el/enimerosi-apo-ton-yfypoyrgo-politikis-prostasias-kai-diaheirisis-kriseon-niko-hardalia-kai-ton-25
457	https://www.civilprotection.gr/el/enimerosi-apo-ton-yfypoyrgo-politikis-prostasias-kai-diaheirisis-kriseon-niko-hardalia-kai-ton-24
458	https://www.civilprotection.gr/el/simantika-themata/eyreia-syskepsi-ypo-ton-mihali-hrysohoidi-kai-ton-niko-hardalia-gia-tin-antipyriki
459	https://www.civilprotection.gr/el/enimerosi-apo-ton-yfypoyrgo-politikis-prostasias-kai-diaheirisis-kriseon-niko-hardalia-kai-ton-27
460	https://www.civilprotection.gr/el/paratasi-tis-karantinas-tis-synoikias-neas-smyrnis-larisas
461	https://www.civilprotection.gr/el/simantika-themata/ena-monadiko-pasha-oi-eyhes-toy-dionysi-savvopoyloy-kai-tis-genikis-grammateias
462	https://www.civilprotection.gr/el/enimerosi-apo-ton-yfypoyrgo-politikis-prostasias-kai-diaheirisis-kriseon-niko-hardalia-kai-ton-20
463	https://www.civilprotection.gr/el/enimerosi-apo-ton-yfypoyrgo-politikis-prostasias-kai-diaheirisis-kriseon-niko-hardalia-kai-ton-17
464	https://www.civilprotection.gr/el/simantika-themata/perioristika-metra-metakinisis-politon-sto-dimo-ermionidas-logo-koronoioy-covid-19
465	https://www.civilprotection.gr/el/enimerosi-apo-ton-yfypoyrgo-politikis-prostasias-kai-diaheirisis-kriseon-niko-hardalia-kai-ton-22
466	https://www.civilprotection.gr/el/enimerosi-apo-ton-yfypoyrgo-politikis-prostasias-kai-diaheirisis-kriseon-niko-hardalia-kai-ton-19
467	https://www.civilprotection.gr/el/simantika-themata/karantina-ton-oikismon-zoympoyli-kai-arnaoyti-toy-dimoy-mykis
468	https://www.civilprotection.gr/el/enimerosi-apo-ton-yfypoyrgo-politikis-prostasias-kai-diaheirisis-kriseon-niko-hardalia-kai-ton-18
469	https://www.civilprotection.gr/el/enimerosi-apo-ton-yfypoyrgo-politikis-prostasias-kai-diaheirisis-kriseon-niko-hardalia-kai-ton-21
470	https://www.civilprotection.gr/el/enimerosi-apo-ton-yfypoyrgo-politikis-prostasias-kai-diaheirisis-kriseon-niko-hardalia-kai-ton-16
471	https://www.civilprotection.gr/el/se-karantina-oikos-eygirias-stin-nea-makri-attikis-logo-epidimiologikis-exarsis-koronoioy-covid-19
472	https://www.civilprotection.gr/el/enimerosi-apo-ton-yfypoyrgo-politikis-prostasias-kai-diaheirisis-kriseon-niko-hardalia-kai-ton-14
473	https://www.civilprotection.gr/el/amesi-paremvasi-eisaggelea-zitise-o-yfypoyrgos-politikis-prostasias-kai-diaheirisis-kriseon-nikos
474	https://www.civilprotection.gr/el/simantika-themata/stin-xanthi-o-yfypoyrgos-politikis-prostasias-kai-diaheirisis-kriseon-nikos
475	https://www.civilprotection.gr/el/simantika-themata/se-karantina-o-oikismos-roma-tis-synoikias-neas-smyrnis-larisas-logo-koronoioy
476	https://www.civilprotection.gr/el/enimerosi-apo-ton-yfypoyrgo-politikis-prostasias-kai-diaheirisis-kriseon-niko-hardalia-kai-ton-13
477	https://www.civilprotection.gr/el/simantika-themata/episkepsi-toy-prothypoyrgoy-sto-diavathmismeno-thalamo-epiheiriseon-tis-genikis
478	https://www.civilprotection.gr/el/simantika-themata/periorismos-kinisis-politon-se-periohes-tis-polis-ton-ioanninon
479	https://www.civilprotection.gr/el/enimerosi-apo-ton-yfypoyrgo-politikis-prostasias-kai-diaheirisis-kriseon-niko-hardalia-kai-ton-15
480	https://www.civilprotection.gr/el/enimerosi-apo-ton-yfypoyrgo-politikis-prostasias-kai-diaheirisis-kriseon-niko-hardalia-kai-ton-11
481	https://www.civilprotection.gr/el/kiryxi-koinotiton-tis-perifereiakis-enotitas-voiotias-se-katastasi-ektaktis-anagkis-politikis
482	https://www.civilprotection.gr/el/enimerosi-apo-ton-yfypoyrgo-politikis-prostasias-kai-diaheirisis-kriseon-niko-hardalia-kai-ton-10
483	https://www.civilprotection.gr/el/kiryxi-periohon-ton-perifereion-thessalias-stereas-elladas-kai-anatolikis-makedonias-thrakis-se
484	https://www.civilprotection.gr/el/kiryxi-toy-dimoy-skiathoy-se-katastasi-ektaktis-anagkis-politikis-prostasias
485	https://www.civilprotection.gr/el/kiryxi-toy-dimoy-farkadonas-tis-koinotitas-loykision-tis-koinotitas-ardamerioy-kai-koinotiton-toy
486	https://www.civilprotection.gr/el/simantika-themata/prostheta-perioristika-metra-stin-mykono-kai-tin-santorini-logo-koronoioy-covid-19
487	https://www.civilprotection.gr/el/enimerosi-apo-ton-yfypoyrgo-politikis-prostasias-kai-diaheirisis-kriseon-niko-hardalia-kai-ton-12
488	https://www.civilprotection.gr/el/kiryxi-koinotiton-toy-dimoy-notioy-pilioy-kai-tis-koinotitas-skopeloy-se-katastasi-ektaktis-0
489	https://www.civilprotection.gr/el/simantika-themata/menoyme-spiti-vgainoyme-nikites-nea-kampania-tis-genikis-grammateias-politikis
490	https://www.civilprotection.gr/el/enimerosi-apo-ton-yfypoyrgo-politikis-prostasias-kai-diaheirisis-kriseon-niko-hardalia-kai-ton-5
491	https://www.civilprotection.gr/el/kakokairia-me-ishyres-vrohes-kai-kataigides-poly-thyellodeis-anemoys-kai-hionoptoseis-sta-ipeirotika
492	https://www.civilprotection.gr/el/enimerosi-apo-ton-yfypoyrgo-politikis-prostasias-kai-diaheirisis-kriseon-niko-hardalia-kai-ton-8
493	https://www.civilprotection.gr/el/enimerosi-apo-ton-yfypoyrgo-politikis-prostasias-kai-diaheirisis-kriseon-niko-hardalia-kai-ton-9
494	https://www.civilprotection.gr/el/simantika-themata/prostheta-perioristika-metra-gia-ti-metakinisi-ton-politon-stoys-dimoys-xanthis
495	https://www.civilprotection.gr/el/enimerosi-apo-ton-yfypoyrgo-politikis-prostasias-kai-diaheirisis-kriseon-niko-hardalia-kai-ton-7
496	https://www.civilprotection.gr/el/simantika-themata/periorismos-kinisis-politon-stin-paraliaki-zoni-tis-patras-kai-stin-paralia-voloy
497	https://www.civilprotection.gr/el/enimerosi-apo-ton-yfypoyrgo-politikis-prostasias-kai-diaheirisis-kriseon-niko-hardalia-kai-ton-6
498	https://www.civilprotection.gr/el/simantika-themata/kiryxi-prosorinis-epivolis-periorismoy-kat-oikon-karantina-ton-katoikon-tis-3
499	https://www.civilprotection.gr/el/simantika-themata/kiryxi-prosorinis-epivolis-periorismoy-kat-oikon-karantina-ton-katoikon-tis-2
500	https://www.civilprotection.gr/el/simantika-themata/ta-horia-tis-voreias-elladas-poy-vriskontai-se-karantina-episkefthike-o-yfypoyrgos
501	https://www.civilprotection.gr/el/enimerosi-apo-ton-yfypoyrgo-politikis-prostasias-kai-diaheirisis-kriseon-niko-hardalia-kai-ton
502	https://www.civilprotection.gr/el/enimerosi-apo-ton-yfypoyrgo-politikis-prostasias-kai-diaheirisis-kriseon-niko-hardalia-kai-ton-2
503	https://www.civilprotection.gr/el/enimerosi-apo-ton-yfypoyrgo-politikis-prostasias-kai-diaheirisis-kriseon-niko-hardalia-kai-ton-3
504	https://www.civilprotection.gr/el/epideinosi-toy-kairoy-me-simantiki-ptosi-tis-thermokrasias-ishyres-vrohes-kai-kataigides-pyknes
505	https://www.civilprotection.gr/el/simantika-themata/kiryxi-prosorinis-epivolis-periorismoy-kat-oikon-karantina-ton-katoikon-tis
506	https://www.civilprotection.gr/el/enimerosi-apo-ton-yfypoyrgo-politikis-prostasias-kai-diaheirisis-kriseon-niko-hardalia-kai-ton-1
507	https://www.civilprotection.gr/el/simantika-themata/periorismos-kinisis-politon-sti-nea-paralia-thessalonikis
508	https://www.civilprotection.gr/el/enimerosi-apo-ton-yfypoyrgo-politikis-prostasias-kai-diaheirisis-kriseon-niko-hardalia-kai-ton-4
509	https://www.civilprotection.gr/el/enimerosi-apo-ton-yfypoyrgo-politikis-prostasias-kai-diaheirisis-kriseon-niko-hardalia-kai-ton-0
510	https://www.civilprotection.gr/el/epideinosi-toy-kairoy-apo-vrady-tis-tetartis-25-03-2020-me-ishyres-vrohes-kai-kataigides
511	https://www.civilprotection.gr/el/enimerosi-diapisteymenon-syntakton-ygeias-apo-ton-yfypoyrgo-politikis-prostasias-kai-diaheirisis-4
512	https://www.civilprotection.gr/el/simantika-themata/syskepsi-ypo-ton-yfypoyrgo-politikis-prostasias-diaheirisis-kriseon-ston-diethni
513	https://www.civilprotection.gr/el/simantika-themata/nikos-hardalias-menoyme-spiti-apofeygoyme-ton-syghrotismo-akoloythoyme-toys
514	https://www.civilprotection.gr/el/koini-synenteyxi-typoy-gia-ton-periorismo-kykloforias-politon-se-oli-tin-epikrateia-logo-koronoioy
515	https://www.civilprotection.gr/el/simantika-themata/dieykriniseis-toy-yfypoyrgoy-politikis-prostasias-nikoy-hardalia-shetika-me-ton
516	https://www.civilprotection.gr/el/enimerosi-diapisteymenon-syntakton-ygeias-apo-ton-yfypoyrgo-politikis-prostasias-kai-diaheirisis-3
517	https://www.civilprotection.gr/el/enimerosi-diapisteymenon-syntakton-ygeias-apo-ton-yfypoyrgo-politikis-prostasias-kai-diaheirisis-5
518	https://www.civilprotection.gr/el/simantika-themata/enimerosi-shetika-me-tin-mi-pragmatopoiisi-ptiseon-apo-inomeno-vasileio-pros-tin
519	https://www.civilprotection.gr/el/kiryxi-periohon-tis-ipeiroy-se-katastasi-ektaktis-anagkis-politikis-prostasias
520	https://www.civilprotection.gr/el/enimerosi-diapisteymenon-syntakton-ygeias-apo-ton-yfypoyrgo-politikis-prostasias-kai-diaheirisis-0
521	https://www.civilprotection.gr/el/simantika-themata/kiryxi-prosorinis-epivolis-periorismoy-kat-oikon-karantina-ton-katoikon-ton
522	https://www.civilprotection.gr/el/simantika-themata/syskepsi-toy-yfypoyrgoy-politikis-prostasias-kai-diaheirisis-kriseon-nikoy
523	https://www.civilprotection.gr/el/i-geniki-grammateia-politikis-prostasias-enimeronei-gia-ton-arithmo-1135
524	https://www.civilprotection.gr/el/simantika-themata/epiprostheta-metra-gia-ton-periorismo-tis-exaplosis-toy-koronoioy
525	https://www.civilprotection.gr/el/enimerosi-diapisteymenon-syntakton-ygeias-apo-ton-yfypoyrgo-politikis-prostasias-kai-diaheirisis
526	https://www.civilprotection.gr/el/22-hrisimes-erotiseis-kai-apantiseis-gia-ola-ta-nea-metra-kai-tis-rythmiseis-shetika-me-ton-koronoio
527	https://www.civilprotection.gr/el/simantika-themata/sti-noimatiki-tria-tileoptika-spot-me-odigies-prostasias-apo-ton-koronoio-menoyme
528	https://www.civilprotection.gr/el/enimerosi-diapisteymenon-syntakton-ygeias-apo-ton-yfypoyrgo-politikis-prostasias-kai-diaheirisis-2
529	https://www.civilprotection.gr/el/enimerosi-diapisteymenon-syntakton-ygeias-apo-ton-yfypoyrgo-politikis-prostasias-kai-diaheirisis-1
530	https://www.civilprotection.gr/el/oloklirothike-me-epityhia-i-epiheirisi-exoydeterosis-narkis-se-thalassia-periohi-toy-dimoy-skopeloy
531	https://www.civilprotection.gr/el/metavoli-toy-kairoy-apo-simera-paraskeyi-06-03-2020-kai-apo-ta-voreiodytika-me-ishyres-vrohes
532	https://www.civilprotection.gr/el/simantika-themata/nea-enimerotiki-kampania-tis-ggpp-gia-ton-koronoio-gia-tis-eypatheis-omades
533	https://www.civilprotection.gr/el/metavoli-toy-kairoy-apo-simera-triti-03-03-2020-me-ishyres-vrohes-kataigides-kai-thyellodeis-notioys
534	https://www.civilprotection.gr/el/simantika-themata/1i-martioy-pagkosmia-imera-politikis-prostasias
535	https://www.civilprotection.gr/el/simantika-themata/energopoiisi-toy-eyropaikoy-mihanismoy-politikis-prostasias-apo-tin-ggpp-gia-tin
536	https://www.civilprotection.gr/el/epideinosi-toy-kairoy-apo-simera-apogeyma-28-02-2020-me-ishyres-vrohes-kataigides-hionoptoseis-kai
537	https://www.civilprotection.gr/el/simantika-themata/i-ggpp-eyharistei-ta-krati-meli-toy-eyropaikoy-mihanismoy-politikis-prostasias-gia
538	https://www.civilprotection.gr/el/simantika-themata/epiheirisi-exoydeterosis-narkis-se-thalassia-periohi-toy-dimoy-skopeloy-organomeni
539	https://www.civilprotection.gr/el/epikairopoiimeno-deltio-epideinosis-kairoy-me-ishyres-vrohes-kai-kataigides-oi-opoies-tha
540	https://www.civilprotection.gr/el/simantika-themata/paroysiastikan-ta-shedia-egkelados-seismoys-talos-ifaisteiako-symplegma-santorinis
541	https://www.civilprotection.gr/el/simantika-themata/syskepseis-toy-ggpp-nikoy-hardalia-me-anotata-stelehi-toy-ps-gia-tin-proetoimasia
542	https://www.civilprotection.gr/el/simantika-themata/enimerotiki-kampania-gia-ton-koronoio-apo-ti-ggpp-me-thema-den-fovomaste
543	https://www.civilprotection.gr/el/simantika-themata/nea-eyreia-syskepsi-ypo-ton-ggpp-niko-hardalia-gia-tin-proetoimasia-tis
544	https://www.civilprotection.gr/el/simantika-themata/se-exi-glosses-i-enimerosi-tis-genikis-grammateias-politikis-prostasias-me-odigies
545	https://www.civilprotection.gr/el/simantika-themata/tehnikos-symvoylos-tis-genikis-grammateias-politikis-prostasias-i-pagkosmia
546	https://www.civilprotection.gr/el/emfasi-stin-prolipsi-syskepsi-toy-ggpp-nikoy-hardalia-stin-thessaloniki-me-toys-epikefalis-ton
547	https://www.civilprotection.gr/el/simantika-themata/episkepsi-ggpp-nikoy-hardalia-ston-volo-syskepseis-me-dimarhoys-voloy-almyroy-kai
548	https://www.civilprotection.gr/el/simantika-themata/stin-ptolemaida-stin-kozani-o-ggpp-nikos-hardalias-aponomi-ptyhion-stoys-neoys
549	https://www.civilprotection.gr/el/simantika-themata/sto-loyxemvoyrgo-o-ggpp-nikos-hardalias-synantiseis-me-eyropaiki-trapeza
